CATEGORY,SCHOOL NAME,ADDRESS,CITY,ZIP CODE,PHONE,URL,LONGITUDE,LATITUDE,LOCATION,LONGITUDE.1,LATITUDE.1,ZIP CODE.1
0.6063565954898689,-0.961300214528511,0.21650905732624123,-1.1632905342881168,0.022114272688791452,-1.5711296130198382,-0.9114573506797061,0.43278553292796573,0.9907962564004862,0.21650905732624123,0.4327855329279657,0.9907962564004862,0.5918367346938774
-0.6438631890253247,-1.1171867358034047,1.7234120963168802,-1.1632905342881168,0.022114272688791452,-1.6066695013424042,-1.0714245144105439,0.4384217540680879,0.9396932222455376,1.7234120963168802,0.4384217540680879,0.9396932222455376,0.5918367346938774
-0.6438631890253247,0.9266587653563124,-0.8920173161841138,0.8648623274844407,-0.39579324269099814,1.1121319553338975,0.9726003554834929,0.7995279192050759,0.5843819885162986,-0.8920173161841138,0.7995279192050759,0.5843819885162986,0.4693877551020408
-0.6438631890253247,0.3897163031872342,-0.09526398522354614,1.0097303890396234,1.0320574348566163,-0.02514447098821558,0.42160234707727434,0.8577389292983071,0.19215093120686788,-0.09526398522354614,0.8577389292983071,0.1921509312068679,0.8877551020408162
1.856576380005062,-0.8400551424258159,-0.8054136932536173,0.7199942659292581,-0.6743982529441912,-0.5937826841492722,1.7013396569239756,0.6452608781936533,0.4122619139008634,-0.8054136932536173,0.6452608781936533,0.4122619139008634,0.38775510204081626
-0.6438631890253247,0.8920173161841138,1.1171867358034047,-1.8876308420640302,-1.8932951728019107,-0.48716301918157406,0.9370520968766402,0.6303566468886004,0.06306588389115575,1.1171867358034047,0.6303566468886004,0.06306588389115575,0.030612244897959107
-0.6438631890253247,0.7534515194953195,-1.5155634012836885,1.0097303890396234,1.1017086874199145,-0.8247919582459514,0.22608692473958386,0.889628230390457,0.1785613491303195,-1.5155634012836885,0.889628230390457,0.1785613491303195,0.9081632653061222
-0.6438631890253247,-0.5109613752899292,0.35507485401503563,1.0097303890396234,1.206185566264862,-0.5760127399879892,-0.4848782473974724,0.7407792983780723,0.35828567280384505,0.35507485401503563,0.7407792983780723,0.358285672803845,0.9387755102040816
1.856576380005062,-1.6714499225585822,0.09526398522354614,1.0097303890396234,1.206185566264862,-0.5404728516654231,-1.6579707814236153,0.7667564849587052,0.40072274545626385,0.09526398522354614,0.7667564849587052,0.4007227454562639,0.9387755102040816
-0.6438631890253247,-1.3423561554226957,-1.48092195211149,1.0097303890396234,1.0320574348566163,0.04593530565691649,-1.2847140660516607,0.8645314556508197,0.24769320462660005,-1.48092195211149,0.8645314556508197,0.2476932046266,0.8877551020408162
1.856576380005062,1.4982426766975894,0.8227344178397167,-1.8876308420640302,-1.9281207990835598,-1.1801908414716118,1.4880501052828587,0.6423593163733301,0.0058488786083188415,0.8227344178397167,0.6423593163733301,0.005848878608318842,0.020408163265306034
0.6063565954898689,0.2857919556706384,1.6194877488002843,1.0097303890396234,1.0320574348566163,-0.007374526826932563,0.2794093126498631,0.821570335768655,0.23613160154602042,1.6194877488002843,0.821570335768655,0.2361316015460204,0.8877551020408162
-0.6438631890253247,-1.2037903587339012,-0.5456028244621279,0.7199942659292581,-0.639572626662542,1.0055122903661995,-1.1780692902311023,0.6900643126637647,0.5468627505040189,-0.5456028244621279,0.6900643126637647,0.5468627505040189,0.39795918367346933
-0.6438631890253247,1.4116390537670929,-0.320433404842837,-0.004346041846655388,0.5096730406318793,0.8455827929146523,1.3991794587657267,0.4307013996329374,0.6383115556387366,-0.320433404842837,0.4307013996329374,0.6383115556387366,0.7346938775510203
-0.6438631890253247,-1.2557525324921992,-1.1171867358034047,1.0097303890396234,1.1365343137015638,1.556380559365973,-1.213617548837955,0.9554743174552982,0.3551086263600354,-1.1171867358034047,0.9554743174552982,0.3551086263600354,0.9183673469387755
-0.6438631890253247,0.008660362293049648,-0.8227344178397167,0.7199942659292581,-0.639572626662542,-0.6648624607944043,-1.5691001349064833,0.6534337632602671,0.4147872526532268,-0.8227344178397167,0.6534337632602671,0.4147872526532268,0.39795918367346933
0.6063565954898689,1.3596768800087948,1.013262388286809,-1.8876308420640302,-1.9977720516468582,0.4013341888825769,1.63024313971027,0.5984656215808002,0.20462917121299995,1.013262388286809,0.5984656215808002,0.2046291712129999,0.0
1.856576380005062,-1.7234120963168802,-1.1691489095617027,1.0097303890396234,1.206185566264862,1.3786811177531428,-0.04052501481181223,0.7213324636641687,0.3266793167386908,-1.1691489095617027,0.7213324636641687,0.3266793167386908,0.9387755102040816
1.856576380005062,0.5802442736343265,1.654129197972483,0.7199942659292581,-0.7440495055074895,-1.5000498363747061,0.7237625452355233,0.47921576808886357,0.3592276458941228,1.654129197972483,0.4792157680888636,0.3592276458941228,0.36734693877551017
1.856576380005062,-0.07794326063744685,-1.3596768800087948,-0.7286863496225688,0.23106803037868626,0.3302544122374448,-0.14716979063237068,0.3852296297752673,0.48019860528386005,-1.3596768800087948,0.3852296297752673,0.48019860528386,0.6530612244897959
0.6063565954898689,-0.25115050649843984,-0.2857919556706384,1.0097303890396234,1.0668830611382654,1.2542915086241617,-0.2004921785426499,0.7872729057723404,0.32803629038511417,-0.2857919556706384,0.7872729057723404,0.3280362903851142,0.8979591836734692
1.856576380005062,-1.307714706250497,-1.5675255750419865,0.5751262043740754,-0.6047470003808929,-0.41608324253644197,-1.2491658074448078,0.5115603077245794,0.22354612514790517,-1.5675255750419865,0.5115603077245794,0.2235461251479052,0.40816326530612235
-0.6438631890253247,0.07794326063744685,1.7060913717307808,0.7199942659292581,-0.7092238792258403,-1.411200115568291,0.08389389031217262,0.6268587264073346,0.3849167223110328,1.7060913717307808,0.6268587264073346,0.3849167223110328,0.37755102040816324
-0.6438631890253247,0.320433404842837,0.26847123108453913,1.0097303890396234,1.0668830611382654,1.2898313969467279,0.2971834419532895,0.7492010532546942,0.21449826693590524,0.26847123108453913,0.7492010532546942,0.2144982669359052,0.8979591836734692
-0.6438631890253247,1.6368084733863837,-1.0998660112173053,1.0097303890396234,1.1365343137015638,1.5919204476885391,0.3505058298635687,0.9022011119053559,0.3560405084660516,-1.0998660112173053,0.9022011119053559,0.3560405084660516,0.9183673469387755
-0.6438631890253247,-1.0998660112173053,-0.4070370277733335,-0.43895022651220345,0.09176552525208971,-0.8958717348910835,-1.035876255803691,0.32565826079158455,0.6132672943683275,-0.4070370277733335,0.3256582607915846,0.6132672943683275,0.6122448979591836
-0.6438631890253247,0.8054136932536173,-1.2730732570782983,-0.43895022651220345,0.09176552525208971,-1.0735711765039138,0.0483456317053198,0.32723782663887846,0.6391882310313264,-1.2730732570782983,0.3272378266388785,0.6391882310313264,0.6122448979591836
-0.6438631890253247,-0.7014893457370216,0.7014893457370216,0.7199942659292581,-0.639572626662542,1.0232822345274826,-0.6626195404317364,0.6752752534504225,0.45040912510573605,0.7014893457370216,0.6752752534504225,0.4504091251057361,0.39795918367346933
1.856576380005062,-1.0652245620451068,-1.3769976045948942,1.0097303890396234,1.0668830611382654,0.010395417334350454,-0.07607327341866504,0.8045371469514748,0.27866095345295605,-1.3769976045948942,0.8045371469514748,0.2786609534529561,0.8979591836734692
-0.6438631890253247,-0.12990543439574473,0.7188100703231208,-0.2940821649570208,0.8231036771667215,-0.29169363340746085,0.4038282177738479,0.6714182439634442,0.19363269352179202,0.7188100703231208,0.6714182439634442,0.193632693521792,0.8265306122448979
-0.6438631890253247,1.0305831128729082,-0.4416784769455321,-0.7286863496225688,0.1962424040970371,0.6856532954631052,1.0792451313040514,0.4598118161131879,0.6034386081433212,-0.4416784769455321,0.4598118161131879,0.6034386081433212,0.6428571428571428
0.6063565954898689,-1.134507460389504,0.06062253605134754,-1.3081585958432995,-0.01271135359285768,-0.6826324049556872,-1.0891986437139702,0.31758888028545584,0.8165216124758103,0.06062253605134754,0.3175888802854558,0.8165216124758103,0.5816326530612245
-0.6438631890253247,1.48092195211149,0.7880929686675181,-1.8876308420640302,-1.9281207990835598,-1.2157307297941777,1.4702759759794324,0.6550253604717398,0.0,0.7880929686675181,0.6550253604717398,0.0,0.020408163265306034
1.856576380005062,0.7361307949092202,-0.25115050649843984,0.28539008126370996,-1.370910778577174,1.0943620111726147,0.8481814503595081,0.6998553275878976,0.6529193996982485,-0.25115050649843984,0.6998553275878976,0.6529193996982485,0.18367346938775503
-0.6438631890253247,-0.9439794899424118,-0.7361307949092202,-0.7286863496225688,0.23106803037868626,0.7567330721082373,-0.8936832213762798,0.27786495592576443,0.4405277658449336,-0.7361307949092202,0.2778649559257644,0.4405277658449336,0.6530612244897959
-0.6438631890253247,-0.7707722440814188,-0.4763199261177307,0.7199942659292581,-0.7440495055074895,-1.428970059729574,-0.7514901869488685,0.5021975554643916,0.3653729439919715,-0.4763199261177307,0.5021975554643916,0.3653729439919715,0.36734693877551017
-0.6438631890253247,-1.428959778353192,1.1518281849756034,1.0097303890396234,1.1017086874199145,-0.7537121816008193,-1.3735847125687928,0.8988885525893409,0.15560549045007122,1.1518281849756034,0.8988885525893409,0.1556054904500712,0.9081632653061222
-0.6438631890253247,-0.6841686211509223,-1.5502048504558872,1.0097303890396234,1.0320574348566163,-0.0429144151494986,-0.6448454111283101,0.8258505275265691,0.2288423736845573,-1.5502048504558872,0.8258505275265691,0.2288423736845573,0.8877551020408162
-0.6438631890253247,-0.7534515194953195,1.0998660112173053,0.7199942659292581,-0.6743982529441912,-1.6777492779875363,-0.7337160576454421,0.5670083889902173,0.27129464534495185,1.0998660112173053,0.5670083889902173,0.2712946453449518,0.38775510204081626
-0.6438631890253247,0.7880929686675181,-0.6322064473926243,-0.7286863496225688,0.1962424040970371,0.6145735188179731,0.8837297089663609,0.48413340861725374,0.5095614696175943,-0.6322064473926243,0.4841334086172537,0.5095614696175943,0.6428571428571428
0.6063565954898689,0.8400551424258159,-0.18186760815404263,-0.43895022651220345,0.09176552525208971,-0.9847214556974986,0.9015038382697873,0.32018998057887416,0.6623846542380818,-0.18186760815404263,0.3201899805788742,0.6623846542380818,0.6122448979591836
-0.6438631890253247,-0.06062253605134754,0.18186760815404263,0.7199942659292581,-0.639572626662542,-1.357890283084442,-0.11162153202551785,0.46583644912013256,0.39593072414717767,0.18186760815404263,0.4658364491201326,0.3959307241471777,0.39795918367346933
-0.6438631890253247,0.8746965915980146,1.6887706471446815,-1.8876308420640302,-1.8932951728019107,-0.48716301918157406,0.9370520968766402,0.5341201249836445,0.16478904994065147,1.6887706471446815,0.5341201249836445,0.1647890499406515,0.030612244897959107
-0.6438631890253247,-1.0305831128729082,1.6368084733863837,0.5751262043740754,-0.6047470003808929,-1.304580450600593,-1.0003279971968382,0.47664397303503847,0.30806509905806934,1.6368084733863837,0.4766439730350385,0.3080650990580693,0.40816326530612235
-0.6438631890253247,-0.3723955786011349,-1.0825452866312062,1.0097303890396234,1.206185566264862,1.2720614527854448,-0.32491108366663474,0.710390464195541,0.36123060887507563,-1.0825452866312062,0.710390464195541,0.3612306088750756,0.9387755102040816
1.856576380005062,0.3723955786011349,0.6841686211509223,0.7199942659292581,-0.639572626662542,-0.7004023491169703,0.38605408847042155,0.678142026208576,0.3843041251719512,0.6841686211509223,0.678142026208576,0.3843041251719512,0.39795918367346933
-0.6438631890253247,-1.6368084733863837,1.0825452866312062,-1.8876308420640302,-1.8932951728019107,-1.1446509531490459,-1.5868742642099096,0.5813991193497543,0.04863071152142595,1.0825452866312062,0.5813991193497543,0.04863071152142595,0.030612244897959107
1.856576380005062,0.6841686211509223,0.043301811465248245,-1.3081585958432995,-0.01271135359285768,-0.8603318465685175,0.7948590624492289,0.32196446634284825,0.8054533301282447,0.043301811465248245,0.3219644663428483,0.8054533301282447,0.5816326530612245
0.6063565954898689,-0.5975649982204257,0.3897163031872342,-0.7286863496225688,0.1962424040970371,0.525723798011558,-0.5382006353077516,0.46293340646866454,0.5392958800709238,0.3897163031872342,0.4629334064686645,0.5392958800709238,0.6428571428571428
-0.6438631890253247,-1.602167024214185,-0.961300214528511,1.0097303890396234,1.206185566264862,-0.6115526283105552,-1.4802294883893512,0.7547331232275383,0.37651434431300856,-0.961300214528511,0.7547331232275383,0.3765143443130086,0.9387755102040816
-0.6438631890253247,0.02598108687914895,0.9266587653563124,0.7199942659292581,-0.6743982529441912,-1.6955192221488193,-0.02275088550838582,0.6044302194590898,0.2641931759606706,0.9266587653563124,0.6044302194590898,0.2641931759606706,0.38775510204081626
-0.6438631890253247,-0.9959416637007097,-1.2903939816643977,1.0097303890396234,1.1017086874199145,-0.7359422374395364,-0.9647797385899853,0.8938236407829265,0.2110406525410724,-1.2903939816643977,0.8938236407829265,0.2110406525410724,0.9081632653061222
1.856576380005062,1.6194877488002843,-0.5975649982204257,0.28539008126370996,-1.370910778577174,0.9699724020436334,-0.7159419283420156,0.7747584518872088,0.5377460594933581,-0.5975649982204257,0.7747584518872088,0.5377460594933581,0.18367346938775503
1.856576380005062,-0.16454688356794334,1.0479038374590075,0.7199942659292581,-0.7440495055074895,-1.482279892213423,1.5058242345862851,0.5284275876886113,0.3616634705436468,1.0479038374590075,0.5284275876886113,0.3616634705436468,0.36734693877551017
-0.6438631890253247,-0.9266587653563124,0.5282820998760286,-0.7286863496225688,0.23106803037868626,0.8278128487533694,-0.8759090920728533,0.37287511829779874,0.5419540678034593,0.5282820998760286,0.3728751182977987,0.5419540678034593,0.6530612244897959
-0.6438631890253247,-0.008660362293049648,0.14722615898184405,-1.1632905342881168,0.022114272688791452,-1.5178197805359892,0.7770849331458025,0.42432517796879665,0.9104609955044936,0.14722615898184405,0.4243251779687967,0.9104609955044936,0.5918367346938774
-0.6438631890253247,-0.043301811465248245,0.02598108687914895,-0.14921410340183808,0.37037053550528276,0.7034232396243881,-0.09384740272209145,0.5772451550218989,0.7600898246511179,0.02598108687914895,0.5772451550218989,0.7600898246511179,0.693877551020408
1.856576380005062,1.5848462996280859,-1.3250354308365964,1.0097303890396234,1.1365343137015638,1.680770168494954,1.5946948811034172,0.8778577453997514,0.2998174295075273,-1.3250354308365964,0.8778577453997514,0.2998174295075273,0.9183673469387755
-0.6438631890253247,-0.8920173161841138,-1.3423561554226957,1.0097303890396234,1.1713599399832129,1.7163100568175202,-0.8581349627694269,0.8949086011562599,0.4071652510339163,-1.3423561554226957,0.8949086011562599,0.4071652510339163,0.9285714285714286
-0.6438631890253247,-0.19918833274014192,-0.7014893457370216,-0.7286863496225688,0.23106803037868626,0.8988926253985013,-0.2360404371495027,0.3170487776589255,0.4430694294803601,-0.7014893457370216,0.3170487776589255,0.4430694294803601,0.6530612244897959
1.856576380005062,-0.5802442736343265,-0.12990543439574473,-0.7286863496225688,0.1962424040970371,0.4368740772051429,-0.555974764611178,0.47932166212990523,0.5665876858561347,-0.12990543439574473,0.4793216621299052,0.5665876858561347,0.6428571428571428
-0.6438631890253247,-0.5456028244621279,0.7361307949092202,-0.5838182880673861,0.8579293034483706,1.3253712852692938,-0.5026523767008988,0.6679570218898618,0.228032279646186,0.7361307949092202,0.6679570218898618,0.228032279646186,0.836734693877551
-0.6438631890253247,-0.49364065070383,-0.26847123108453913,-0.43895022651220345,0.09176552525208971,-0.9669515115362156,-0.467104118094046,0.2951232480737076,0.6462415538135531,-0.26847123108453913,0.2951232480737076,0.6462415538135531,0.6122448979591836
-0.6438631890253247,-1.2384318079060999,-0.07794326063744685,-0.43895022651220345,0.161416777815388,-1.0202613440200645,-0.947005609286559,0.38631583070480247,0.7064105457998551,-0.07794326063744685,0.3863158307048025,0.7064105457998551,0.6326530612244897
-0.6438631890253247,0.4070370277733335,1.2384318079060999,1.1545984505948061,1.4151393239547567,0.9522024578823505,0.43937647638070076,0.8487388110826828,0.07234884604370961,1.2384318079060999,0.8487388110826828,0.07234884604370961,1.0
-0.6438631890253247,1.0825452866312062,-1.5848462996280859,-0.004346041846655388,0.5096730406318793,0.8633527370759353,1.1325675192143305,0.4303548592354218,0.6601524053571524,-1.5848462996280859,0.4303548592354218,0.6601524053571524,0.7346938775510203
1.856576380005062,1.2384318079060999,0.9786209391146103,-1.8876308420640302,-1.8932951728019107,-1.1624208973103287,0.5282471228978328,0.5994774071701556,0.09286456707383195,0.9786209391146103,0.5994774071701556,0.09286456707383195,0.030612244897959107
-0.6438631890253247,-1.3943183291809935,0.666847896564823,0.7199942659292581,-0.639572626662542,-0.6293225724718382,-1.3380364539619398,0.6762154052075005,0.37849187358601455,0.666847896564823,0.6762154052075005,0.3784918735860145,0.39795918367346933
0.6063565954898689,1.0652245620451068,-0.11258470980964544,1.0097303890396234,1.1365343137015638,1.627460336011105,1.0970192606074778,0.8564039369227601,0.3037320238213539,-0.11258470980964544,0.8564039369227601,0.3037320238213539,0.9183673469387755
-0.6438631890253247,0.8227344178397167,-1.2557525324921992,1.0097303890396234,1.206185566264862,1.396451061914426,1.0081486140903457,0.7040760555695726,0.31519404902911674,-1.2557525324921992,0.7040760555695726,0.3151940490291167,0.9387755102040816
-0.6438631890253247,-1.5675255750419865,-0.16454688356794334,0.28539008126370996,-1.370910778577174,1.0410521786887654,-1.4980036176927776,0.7296918038825027,0.673049437262506,-0.16454688356794334,0.7296918038825027,0.673049437262506,0.18367346938775503
-0.6438631890253247,-0.320433404842837,0.3377541294289363,1.0097303890396234,1.0668830611382654,1.2187516203015958,-0.3071369543632083,0.7356921946286832,0.2833083759512789,0.3377541294289363,0.7356921946286832,0.2833083759512789,0.8979591836734692
-0.6438631890253247,-1.2730732570782983,1.5675255750419865,1.0097303890396234,1.1365343137015638,1.556380559365973,-1.213617548837955,0.8802626203314787,0.33726127516854376,1.5675255750419865,0.8802626203314787,0.3372612751685438,0.9183673469387755
-0.6438631890253247,1.013262388286809,0.8746965915980146,-1.4530266573984822,-1.9629464253652091,0.29471452391487873,1.061471002000625,0.6766089756240774,0.0327828649602111,0.8746965915980146,0.6766089756240774,0.0327828649602111,0.010204081632653073
-0.6438631890253247,-0.4416784769455321,1.4636012275253907,-0.7286863496225688,0.37037053550528276,0.9166625695597844,-0.39600760088034037,0.4952504258229453,0.7213376155053908,1.4636012275253907,0.4952504258229453,0.7213376155053908,0.693877551020408
-0.6438631890253247,0.7707722440814188,-0.008660362293049648,1.0097303890396234,1.3454880713914585,0.08147519397948252,0.8659555796629345,0.774577266197241,0.1310551351720335,-0.008660362293049648,0.774577266197241,0.1310551351720335,0.979591836734694
-0.6438631890253247,1.602167024214185,-1.1864696341478018,-1.3081585958432995,0.161416777815388,-1.1091110648264797,-0.4493299887906196,0.32994764912649543,0.7560320420810456,-1.1864696341478018,0.3299476491264954,0.7560320420810456,0.6326530612244897
1.856576380005062,1.2730732570782983,-1.4636012275253907,0.7199942659292581,-0.6743982529441912,-1.6422093896649703,1.2925346829451683,0.6154392466972354,0.24397214096386222,-1.4636012275253907,0.6154392466972354,0.2439721409638622,0.38775510204081626
-0.6438631890253247,-0.7880929686675181,-0.8573758670119153,1.0097303890396234,1.1713599399832129,1.5386106152046901,-0.7692643162522949,0.9590460775707754,0.40415562178841924,-0.8573758670119153,0.9590460775707754,0.4041556217884192,0.9285714285714286
0.6063565954898689,0.26847123108453913,-1.0652245620451068,-0.43895022651220345,0.09176552525208971,-0.13176413595591369,0.2616351833464367,0.28909838992569803,0.5905233549188722,-1.0652245620451068,0.289098389925698,0.5905233549188722,0.6122448979591836
-0.6438631890253247,-1.3250354308365964,-0.666847896564823,-1.597894718953665,-0.18683948500110334,1.520840671043407,-1.2669399367482344,1.0,0.4675427451803671,-0.666847896564823,1.0,0.4675427451803671,0.5306122448979591
-0.6438631890253247,-1.1691489095617027,0.5802442736343265,-1.4530266573984822,-1.9629464253652091,0.31248446807616176,-1.1425210316242493,0.7018382543782877,0.06144943823305482,0.5802442736343265,0.7018382543782877,0.06144943823305482,0.010204081632653073
-0.6438631890253247,-0.4070370277733335,-1.013262388286809,1.0097303890396234,1.1365343137015638,-0.20284391260104576,-0.3604593422734875,0.9889315386312489,0.3728914342085119,-1.013262388286809,0.9889315386312489,0.3728914342085119,0.9183673469387755
-0.6438631890253247,0.14722615898184405,1.3423561554226957,1.0097303890396234,1.0320574348566163,-0.7181722932782533,-0.16494391993579707,0.8823238118351924,0.14456315796394392,1.3423561554226957,0.8823238118351924,0.1445631579639439,0.8877551020408162
1.856576380005062,-1.4462805029392913,-0.3031126802567377,1.0097303890396234,1.1713599399832129,1.6985401126562372,-1.3913588418722191,0.9273441265972053,0.4626991923052657,-0.3031126802567377,0.9273441265972053,0.4626991923052657,0.9285714285714286
-0.6438631890253247,-0.7361307949092202,-1.7234120963168802,-0.7286863496225688,0.23106803037868626,0.6501134071405391,-0.6981677990385893,0.42196333379621365,0.4902362037174868,-1.7234120963168802,0.4219633337962136,0.4902362037174868,0.6530612244897959
1.856576380005062,0.21650905732624123,-1.428959778353192,-0.2940821649570208,0.8231036771667215,1.3609111735918598,0.19053866613273104,0.7276300681841974,0.2539218342992058,-1.428959778353192,0.7276300681841974,0.2539218342992058,0.8265306122448979
1.856576380005062,0.16454688356794334,-0.21650905732624123,-0.004346041846655388,0.5096730406318793,0.4724139655277089,0.13721627822245183,0.4340097299872241,0.6544851901505098,-0.21650905732624123,0.4340097299872241,0.6544851901505098,0.7346938775510203
-0.6438631890253247,1.1691489095617027,-1.654129197972483,-0.7286863496225688,0.1962424040970371,0.6323434629792561,1.2214381657314626,0.46297556402879536,0.5161883737823274,-1.654129197972483,0.4629755640287954,0.5161883737823274,0.6428571428571428
0.6063565954898689,1.428959778353192,-1.6194877488002843,-0.7286863496225688,0.2658936566603354,0.4191041330438599,1.416953588069153,0.4207275701667754,0.6895162848743155,-1.6194877488002843,0.4207275701667754,0.6895162848743155,0.6632653061224489
-0.6438631890253247,-1.3769976045948942,1.428959778353192,-0.7286863496225688,0.23106803037868626,0.8100429045920863,-1.3202623246585135,0.3898867161700821,0.551660217721718,1.428959778353192,0.3898867161700821,0.551660217721718,0.6530612244897959
-0.6438631890253247,-0.8746965915980146,0.008660362293049648,-0.43895022651220345,0.161416777815388,-1.0024913998587817,0.6526660280218176,0.3760920979772777,0.7593903458531628,0.008660362293049648,0.3760920979772777,0.7593903458531628,0.6326530612244897
-0.6438631890253247,-1.6194877488002843,0.6322064473926243,0.7199942659292581,-0.7440495055074895,-1.375660227245725,-1.5335518762996303,0.5328375299402808,0.39538429739653225,0.6322064473926243,0.5328375299402808,0.3953842973965322,0.36734693877551017
1.856576380005062,0.9959416637007097,-0.9093380407702132,1.0097303890396234,1.0668830611382654,0.02816536149563347,1.0436968726971985,0.8000230595445998,0.2088700470032876,-0.9093380407702132,0.8000230595445998,0.2088700470032876,0.8979591836734692
-0.6438631890253247,1.3769976045948942,1.48092195211149,-0.7286863496225688,0.1962424040970371,0.5968035746566901,1.363631200158874,0.49970517446283225,0.5321080439581749,1.48092195211149,0.4997051744628322,0.5321080439581749,0.6428571428571428
-0.6438631890253247,-1.2211110833200005,1.2211110833200005,-1.8876308420640302,-1.8932951728019107,-0.5049329633428571,-1.1958434195345287,0.512102812270399,0.07590801730746932,1.2211110833200005,0.512102812270399,0.07590801730746932,0.030612244897959107
-0.6438631890253247,-0.18186760815404263,1.2037903587339012,-0.7286863496225688,0.2658936566603354,0.3480243563987278,0.6348918987183912,0.5530972522128366,0.6822083005820048,1.2037903587339012,0.5530972522128366,0.6822083005820048,0.6632653061224489
1.856576380005062,-0.666847896564823,1.0652245620451068,-0.7286863496225688,0.1962424040970371,0.36579430056001083,-0.6270712818248836,0.48576256085047476,0.5965457531397647,1.0652245620451068,0.4857625608504748,0.5965457531397647,0.6428571428571428
0.6063565954898689,0.4416784769455321,-0.5109613752899292,0.4302581428188927,-1.1967826471689282,1.414221006075709,0.49269886429098,0.0,0.5645651582727567,-0.5109613752899292,0.0,0.5645651582727567,0.2346938775510204
0.6063565954898689,-1.0479038374590075,0.9093380407702132,0.7199942659292581,-0.5699213740992438,0.4546440213664259,-0.004976756204959414,0.6218832103215846,0.5285066086521226,0.9093380407702132,0.6218832103215846,0.5285066086521226,0.4183673469387754
-0.6438631890253247,-0.4763199261177307,-1.5328841258697878,1.0097303890396234,1.0668830611382654,-0.060684359310781616,-0.41378173018376674,0.7913952612073274,0.23046942128215164,-1.5328841258697878,0.7913952612073274,0.2304694212821516,0.8979591836734692
1.856576380005062,-1.5502048504558872,-0.7880929686675181,-1.597894718953665,-0.18683948500110334,1.6452302801723881,-1.604648393513336,0.9751487515390238,0.42079647183646784,-0.7880929686675181,0.9751487515390238,0.4207964718364678,0.5306122448979591
-0.6438631890253247,1.6887706471446815,0.12990543439574473,-0.7286863496225688,0.2658936566603354,-1.535589724697272,1.6657913983171229,0.45712082773266616,0.8999406516746404,0.12990543439574473,0.4571208277326662,0.8999406516746404,0.6632653061224489
1.856576380005062,-0.35507485401503563,1.5155634012836885,0.5751262043740754,-0.6047470003808929,-0.5227029075041401,-0.2715886957563555,0.4978448614433546,0.26415466534500354,1.5155634012836885,0.4978448614433546,0.2641546653450035,0.40816326530612235
0.6063565954898689,0.35507485401503563,-0.8746965915980146,-1.597894718953665,-0.18683948500110334,1.485300782720841,0.36827995916699513,0.9778473468265361,0.398147888686907,-0.8746965915980146,0.9778473468265361,0.398147888686907,0.5306122448979591
-0.6438631890253247,0.09526398522354614,-0.49364065070383,0.7199942659292581,-0.5699213740992438,0.7211931837856712,0.06611976100874621,0.5493332000702935,0.5747121684040479,-0.49364065070383,0.5493332000702935,0.5747121684040479,0.4183673469387754
0.6063565954898689,1.654129197972483,-1.4462805029392913,0.5751262043740754,-0.6047470003808929,-0.398313298375159,-1.124746902320823,0.5092666116367752,0.26246069728519217,-1.4462805029392913,0.5092666116367752,0.2624606972851922,0.40816326530612235
-0.6438631890253247,-1.013262388286809,-0.5802442736343265,0.7199942659292581,-0.7440495055074895,-1.3401203389231588,-0.9825538678934118,0.5307116601362623,0.4415934423970924,-0.5802442736343265,0.5307116601362623,0.4415934423970924,0.36734693877551017
-0.6438631890253247,-1.5848462996280859,1.3769976045948942,0.5751262043740754,-0.6047470003808929,-0.451623130859008,-1.515777746996204,0.5183635730569165,0.22487177365904643,1.3769976045948942,0.5183635730569165,0.2248717736590464,0.40816326530612235
-0.6438631890253247,1.2557525324921992,-1.307714706250497,-0.7286863496225688,0.23106803037868626,0.38356424472129386,1.274760553641742,0.3294418970968138,0.5129397618006379,-1.307714706250497,0.3294418970968138,0.5129397618006379,0.6530612244897959
-0.6438631890253247,0.6322064473926243,0.8054136932536173,0.7199942659292581,-0.639572626662542,-0.5582427958267061,0.5993436401115384,0.6554623173952336,0.3814287010326325,0.8054136932536173,0.6554623173952336,0.3814287010326325,0.39795918367346933
-0.6438631890253247,-1.6887706471446815,-0.4589992015316314,1.0097303890396234,1.0668830611382654,0.06370524981819951,-1.6757449107270417,0.7865258398408059,0.26629539391274193,-0.4589992015316314,0.7865258398408059,0.2662953939127419,0.8979591836734692
-0.6438631890253247,1.5502048504558872,0.6495271719787237,0.7199942659292581,-0.639572626662542,1.2009816761403127,1.5591466224965644,0.6811435315875372,0.33567729244616373,0.6495271719787237,0.6811435315875372,0.3356772924461637,0.39795918367346933
-0.6438631890253247,1.4462805029392913,-1.6714499225585822,0.5751262043740754,-0.6047470003808929,-1.2868105064393098,1.4347277173725794,0.44072385583680784,0.27238484805555174,-1.6714499225585822,0.4407238558368078,0.2723848480555517,0.40816326530612235
-0.6438631890253247,1.6714499225585822,0.8573758670119153,-1.8876308420640302,-1.9281207990835598,-1.2335006739554608,1.6480172690136963,0.6221610480742186,0.02787307442545739,0.8573758670119153,0.6221610480742186,0.02787307442545739,0.020408163265306034
1.856576380005062,0.18186760815404263,-1.4116390537670929,-0.43895022651220345,0.161416777815388,-0.9136416790523665,0.17276453682930465,0.3694726524438465,0.7204799405545259,-1.4116390537670929,0.3694726524438465,0.7204799405545259,0.6326530612244897
0.6063565954898689,0.5282820998760286,0.16454688356794334,0.7199942659292581,-0.6743982529441912,-0.11399419179463068,0.7059884159320968,0.5660667431340585,0.36332861075821654,0.16454688356794334,0.5660667431340585,0.3633286107582165,0.38775510204081626
-0.6438631890253247,-0.8227344178397167,0.961300214528511,1.0097303890396234,1.3454880713914585,0.1347850264633316,-0.8048125748591477,0.8366489653618885,0.10373194187282309,0.961300214528511,0.8366489653618885,0.1037319418728231,0.979591836734694
-0.6438631890253247,0.3031126802567377,0.5456028244621279,1.0097303890396234,1.0320574348566163,0.17032491478589762,0.3149575712567159,0.8631745111925113,0.14082601006548146,0.5456028244621279,0.8631745111925113,0.1408260100654815,0.8877551020408162
-0.6438631890253247,0.3377541294289363,0.4589992015316314,0.28539008126370996,-1.370910778577174,0.9877423462049165,0.3327317005601423,0.7266275880107571,0.5832986505247959,0.4589992015316314,0.7266275880107571,0.5832986505247959,0.18367346938775503
-0.6438631890253247,1.7234120963168802,1.6714499225585822,-1.8876308420640302,-1.8932951728019107,-0.2383838009236118,1.7368879155308283,0.6023175040294859,0.15550207445008368,1.6714499225585822,0.6023175040294859,0.1555020744500837,0.030612244897959107
-0.6438631890253247,1.3943183291809935,-1.134507460389504,-0.43895022651220345,0.09176552525208971,-1.0558012323426307,1.3814053294623003,0.31131422626378935,0.7037091922853307,-1.134507460389504,0.3113142262637894,0.7037091922853307,0.6122448979591836
-0.6438631890253247,-0.7188100703231208,-0.4243577523594328,-0.7286863496225688,0.2658936566603354,0.7745030162695202,-0.6803936697351629,0.5130493475850528,0.6131967651125763,-0.4243577523594328,0.5130493475850528,0.6131967651125763,0.6632653061224489
-0.6438631890253247,0.4243577523594328,-0.14722615898184405,0.4302581428188927,-1.1967826471689282,1.4319909502369919,0.47492473498755355,0.023576804519137795,0.5674026105774743,-0.14722615898184405,0.0235768045191378,0.5674026105774743,0.2346938775510204
-0.6438631890253247,0.7014893457370216,1.134507460389504,1.1545984505948061,1.4151393239547567,-0.7892520699233854,0.8126331917526552,0.8738603604608386,0.1122114374223031,1.134507460389504,0.8738603604608386,0.1122114374223031,1.0
-0.6438631890253247,1.0479038374590075,-0.9266587653563124,-0.43895022651220345,0.09176552525208971,-0.16730402427847973,0.030571502401893397,0.2613165447399126,0.5878155345025675,-0.9266587653563124,0.2613165447399126,0.5878155345025675,0.6122448979591836
-0.6438631890253247,1.1171867358034047,-0.7707722440814188,1.0097303890396234,1.1365343137015638,1.574150503527256,1.150341648517757,0.8355358524049166,0.431378582543843,-0.7707722440814188,0.8355358524049166,0.431378582543843,0.9183673469387755
1.856576380005062,0.043301811465248245,-0.9959416637007097,-0.43895022651220345,0.09176552525208971,-0.8781017907298004,0.10166801961559903,0.2771351673939364,0.6801780025646593,-0.9959416637007097,0.2771351673939364,0.6801780025646593,0.6122448979591836
-0.6438631890253247,-1.4636012275253907,1.4462805029392913,-1.8876308420640302,-1.8932951728019107,-0.2561537450848948,-1.4091329711756455,0.6234261561252197,0.12602405070708755,1.4462805029392913,0.6234261561252197,0.1260240507070876,0.030612244897959107
-0.6438631890253247,1.0998660112173053,-0.8400551424258159,0.1405220197085273,0.23106803037868626,-1.4645099480521402,1.1681157778211835,0.42357807886730825,0.4071944433667056,-0.8400551424258159,0.4235780788673082,0.4071944433667056,0.6530612244897959
1.856576380005062,0.5975649982204257,-0.3723955786011349,-0.43895022651220345,0.09176552525208971,-0.18507396843976276,-1.0536503851071175,0.3540877441430439,0.6340369733130444,-0.3723955786011349,0.3540877441430439,0.6340369733130444,0.6122448979591836
-0.6438631890253247,1.2903939816643977,-0.9786209391146103,0.1405220197085273,0.23106803037868626,0.7389631279469542,1.3103088122485946,0.3527573420744545,0.37918772279749646,-0.9786209391146103,0.3527573420744545,0.3791877227974965,0.6530612244897959
-0.6438631890253247,1.3250354308365964,-1.3943183291809935,1.0097303890396234,1.206185566264862,1.3076013411080107,1.3458570708554474,0.6913676001608735,0.27529713558371327,-1.3943183291809935,0.6913676001608735,0.2752971355837133,0.9387755102040816
-0.6438631890253247,1.5155634012836885,0.5629235490482272,1.0097303890396234,1.1365343137015638,1.6096903918498222,1.5235983638897115,0.8308197599792209,0.35590492858138134,0.5629235490482272,0.8308197599792209,0.3559049285813813,0.9183673469387755
-0.6438631890253247,0.7188100703231208,-0.9439794899424118,-0.43895022651220345,0.09176552525208971,-1.0913411206651966,0.8304073210560817,0.2657988727452505,0.646092918731398,-0.9439794899424118,0.2657988727452505,0.646092918731398,0.6122448979591836
-0.6438631890253247,-1.2903939816643977,1.1864696341478018,0.7199942659292581,-0.5699213740992438,0.7922729604308033,-1.2313916781413814,0.5634326426755649,0.5214474017812591,1.1864696341478018,0.5634326426755649,0.5214474017812591,0.4183673469387754
0.6063565954898689,-1.5155634012836885,0.6148857228065251,-1.8876308420640302,-1.9977720516468582,-1.7132891663101024,-1.5513260056030567,0.683736763967886,0.08670458275791759,0.6148857228065251,0.683736763967886,0.08670458275791759,0.0
0.6063565954898689,1.2211110833200005,-0.043301811465248245,0.7199942659292581,-0.7440495055074895,-1.269040562278027,1.719113786227402,0.48839172437598677,0.3611577642672614,-0.043301811465248245,0.4883917243759868,0.3611577642672614,0.36734693877551017
1.856576380005062,-0.6322064473926243,1.602167024214185,1.0097303890396234,1.1017086874199145,-0.8070220140846684,-0.5915230232180309,0.8843286075761796,0.2114319956544506,1.602167024214185,0.8843286075761796,0.2114319956544506,0.9081632653061222
-0.6438631890253247,-0.6148857228065251,0.4763199261177307,-0.7286863496225688,0.1962424040970371,0.6678833513018222,-0.5737488939146044,0.4700368990651782,0.5659967160987946,0.4763199261177307,0.4700368990651782,0.5659967160987946,0.6428571428571428
-0.6438631890253247,1.7060913717307808,-0.02598108687914895,1.0097303890396234,1.3454880713914585,0.18809485894718064,1.6835655276205492,0.7712190847193767,0.14697624158776534,-0.02598108687914895,0.7712190847193767,0.1469762415877653,0.979591836734694
0.6063565954898689,-1.7060913717307808,-1.4982426766975894,-0.2940821649570208,0.8231036771667215,1.343141229430577,-0.7870384455557213,0.7292085319597845,0.24812307456191718,-1.4982426766975894,0.7292085319597845,0.2481230745619172,0.8265306122448979
-0.6438631890253247,-0.9786209391146103,-1.6368084733863837,-1.1632905342881168,0.022114272688791452,-1.5533596688585551,-0.9292314799831326,0.4306073551433087,1.0,-1.6368084733863837,0.4306073551433087,1.0,0.5918367346938774
-0.6438631890253247,0.11258470980964544,-0.3897163031872342,-0.8735544111777515,-1.0226545157606826,1.467530838559558,0.11944214891902544,0.05377460277929913,0.8127424424055789,-0.3897163031872342,0.05377460277929913,0.8127424424055789,0.28571428571428553
-0.6438631890253247,-0.9093380407702132,0.23382978191234052,1.0097303890396234,1.0668830611382654,-1.251270618116744,-1.693519040030468,0.7550761316469448,0.18544234422313366,0.23382978191234052,0.7550761316469448,0.1854423442231337,0.8979591836734692
-0.6438631890253247,-0.8573758670119153,-0.7534515194953195,-0.7286863496225688,0.23106803037868626,-1.446740003890857,-0.8403608334660005,0.37574819396908765,0.4383715508377435,-0.7534515194953195,0.3757481939690877,0.4383715508377435,0.6530612244897959
1.856576380005062,0.961300214528511,0.3723955786011349,1.0097303890396234,1.3454880713914585,0.22363474726974666,1.1147933899109042,0.837552635767139,0.12875933550394336,0.3723955786011349,0.837552635767139,0.1287593355039434,0.979591836734694
-0.6438631890253247,-0.5629235490482272,-1.2037903587339012,1.0097303890396234,1.1365343137015638,-0.22061385676232878,-0.5204265060043252,0.9794876425057453,0.3225537712876445,-1.2037903587339012,0.9794876425057453,0.3225537712876445,0.9183673469387755
1.856576380005062,0.5109613752899292,1.0305831128729082,0.7199942659292581,-0.5699213740992438,0.49018390968899195,0.6171177694149648,0.5947104658271769,0.5566605390716006,1.0305831128729082,0.5947104658271769,0.5566605390716006,0.4183673469387754
-0.6438631890253247,1.1518281849756034,-0.35507485401503563,-0.7286863496225688,0.2658936566603354,0.579033630495407,1.2036640364280362,0.4897653618209006,0.6341723920526618,-0.35507485401503563,0.4897653618209006,0.6341723920526618,0.6632653061224489
1.856576380005062,0.23382978191234052,1.5328841258697878,-1.8876308420640302,-1.8932951728019107,-0.3094635775687439,0.24386105404301028,0.6093450202247936,0.14099940247436393,1.5328841258697878,0.6093450202247936,0.1409994024743639,0.030612244897959107
-0.6438631890253247,-1.1518281849756034,-1.0479038374590075,-1.3081585958432995,-0.01271135359285768,-0.9314116232136496,-1.1069727730173966,0.28456310795488093,0.8512380027891453,-1.0479038374590075,0.2845631079548809,0.8512380027891453,0.5816326530612245
-0.6438631890253247,-1.48092195211149,-0.7188100703231208,0.7199942659292581,-0.639572626662542,-0.433853186697725,-1.4446812297824982,0.6525629282068905,0.4411164538858259,-0.7188100703231208,0.6525629282068905,0.4411164538858259,0.39795918367346933
-0.6438631890253247,-0.3897163031872342,0.4416784769455321,-1.7427627805088477,-1.3360851522955246,1.0588221228500485,-0.34268521297006116,0.7339202345494016,0.6322297248506175,0.4416784769455321,0.7339202345494016,0.6322297248506175,0.193877551020408
0.6063565954898689,0.12990543439574473,0.7707722440814188,1.0097303890396234,1.0320574348566163,-0.09622424763334765,-1.7112931693338944,0.842404584238551,0.18286096061947887,0.7707722440814188,0.842404584238551,0.1828609606194789,0.8877551020408162
-0.6438631890253247,1.1864696341478018,1.2557525324921992,1.1545984505948061,1.4151393239547567,0.11701508230204856,1.239212295034889,0.8424448187706162,0.07396364478077544,1.2557525324921992,0.8424448187706162,0.07396364478077544,1.0
-0.6438631890253247,0.4589992015316314,-1.602167024214185,0.5751262043740754,-0.6047470003808929,-0.46939307502029104,0.5104729935944063,0.42599525197402954,0.19319747094023398,-1.602167024214185,0.4259952519740295,0.193197470940234,0.40816326530612235
-0.6438631890253247,-0.3031126802567377,1.5848462996280859,1.0097303890396234,1.0320574348566163,0.1525549706246146,-0.2893628250597819,0.846709267239163,0.13998537307233505,1.5848462996280859,0.846709267239163,0.1399853730723351,0.8877551020408162
0.6063565954898689,0.666847896564823,-0.06062253605134754,0.7199942659292581,-0.7092238792258403,-0.380543354213876,0.759310803842376,0.6229892541394406,0.3910190643906759,-0.06062253605134754,0.6229892541394406,0.3910190643906759,0.37755102040816324
1.856576380005062,-0.3377541294289363,0.9439794899424118,0.7199942659292581,-0.6743982529441912,-0.5227029075041401,-0.2715886957563555,0.5974837648261655,0.2563981858654216,0.9439794899424118,0.5974837648261655,0.2563981858654216,0.38775510204081626
-0.6438631890253247,-0.6495271719787237,-0.19918833274014192,-0.43895022651220345,0.161416777815388,-0.9491815673749325,-0.6092971525214572,0.36609345634906276,0.6535419716258843,-0.19918833274014192,0.3660934563490628,0.6535419716258843,0.6326530612244897
-0.6438631890253247,1.307714706250497,0.8920173161841138,0.7199942659292581,-0.7092238792258403,-1.6599793338262532,1.328082941552021,0.6192101194115764,0.3371416312171647,0.8920173161841138,0.6192101194115764,0.3371416312171647,0.37755102040816324
0.6063565954898689,-0.26847123108453913,0.3031126802567377,1.0097303890396234,1.1713599399832129,0.9344325137210674,-1.4269071004790719,0.8318900302091947,0.47352609186404493,0.3031126802567377,0.8318900302091947,0.4735260918640449,0.9285714285714286
-0.6438631890253247,1.4636012275253907,0.4243577523594328,1.0097303890396234,1.206185566264862,1.1654417878177468,1.452501846676006,0.729152632917021,0.3270778722409631,0.4243577523594328,0.729152632917021,0.3270778722409631,0.9387755102040816
-0.6438631890253247,-0.4243577523594328,-1.1518281849756034,-0.43895022651220345,0.09176552525208971,-0.8425619024072344,-0.37823347157691395,0.31011940534492055,0.5925692671909104,-1.1518281849756034,0.3101194053449206,0.5925692671909104,0.6122448979591836
-0.6438631890253247,-1.4116390537670929,0.25115050649843984,0.28539008126370996,-1.370910778577174,1.0765920670113316,-1.3558105832653664,0.7633403667663856,0.6065804491273354,0.25115050649843984,0.7633403667663856,0.6065804491273354,0.18367346938775503
1.856576380005062,-0.23382978191234052,-0.5629235490482272,0.4302581428188927,-1.1967826471689282,1.449760894398275,0.45715060568412713,0.016451521958060766,0.5124310720470078,-0.5629235490482272,0.01645152195806077,0.5124310720470078,0.2346938775510204
1.856576380005062,-0.21650905732624123,0.19918833274014192,-1.1632905342881168,0.022114272688791452,-1.5888995571811213,-1.6224225228167624,0.4146431503911572,0.9651247879117051,0.19918833274014192,0.4146431503911572,0.9651247879117051,0.5918367346938774
-0.6438631890253247,-1.3596768800087948,1.307714706250497,-1.8876308420640302,-1.8932951728019107,-1.1979607856328949,-1.302488195355087,0.5709272614776637,0.09631357931819196,1.307714706250497,0.5709272614776637,0.09631357931819196,0.030612244897959107
-0.6438631890253247,-0.14722615898184405,0.5975649982204257,1.0097303890396234,1.0668830611382654,-0.07845430347206464,-0.21826630784607629,0.8328416131615768,0.2604222762716688,0.5975649982204257,0.8328416131615768,0.2604222762716688,0.8979591836734692
0.6063565954898689,0.9439794899424118,0.320433404842837,0.8648623274844407,-0.39579324269099814,1.1299018994951806,0.9903744847869194,0.829266144023336,0.5805848759966494,0.320433404842837,0.829266144023336,0.5805848759966494,0.4693877551020408
-0.6438631890253247,-1.4982426766975894,1.4116390537670929,0.5751262043740754,-0.6047470003808929,-0.433853186697725,-1.4446812297824982,0.5026241189974883,0.28643514696570094,1.4116390537670929,0.5026241189974883,0.2864351469657009,0.40816326530612235
-0.6438631890253247,1.5675255750419865,-0.23382978191234052,-0.7286863496225688,0.2658936566603354,0.8811226812372184,1.5769207517999908,0.4597881174250631,0.6525235741831921,-0.23382978191234052,0.4597881174250631,0.6525235741831921,0.6632653061224489
1.856576380005062,0.5456028244621279,-0.6148857228065251,-0.7286863496225688,0.23106803037868626,-1.7310591104713853,0.670440157325244,0.3514295826146281,0.51733233259489,-0.6148857228065251,0.3514295826146281,0.51733233259489,0.6530612244897959
-0.6438631890253247,-0.02598108687914895,0.07794326063744685,-1.3081585958432995,-0.01271135359285768,-0.36277341005259295,-0.058299144115238635,0.2973210587394135,0.8805637361781606,0.07794326063744685,0.2973210587394135,0.8805637361781606,0.5816326530612245
-0.6438631890253247,0.8573758670119153,-0.5282820998760286,-1.0184224727329343,-0.5699213740992438,0.561263686334124,0.9192779675732137,0.624081191605228,0.5528903964892606,-0.5282820998760286,0.624081191605228,0.5528903964892606,0.4183673469387754
1.856576380005062,0.9093380407702132,1.3596768800087948,-0.7286863496225688,0.1962424040970371,-0.3450034658913099,0.9548262261800665,0.530994701840001,0.5647228208428032,1.3596768800087948,0.530994701840001,0.5647228208428032,0.6428571428571428
0.6063565954898689,1.5328841258697878,-1.2211110833200005,1.0097303890396234,1.206185566264862,1.2365215644628786,1.5413724931931378,0.7299692330227572,0.31454413992463515,-1.2211110833200005,0.7299692330227572,0.3145441399246351,0.9387755102040816
-0.6438631890253247,1.134507460389504,0.4070370277733335,1.0097303890396234,1.206185566264862,-0.6470925166331213,1.1858899071246098,0.7325276609997786,0.3901603250261445,0.4070370277733335,0.7325276609997786,0.3901603250261445,0.9387755102040816
-0.6438631890253247,0.06062253605134754,-1.6887706471446815,0.7199942659292581,-0.7440495055074895,-1.393430171407008,0.012797373098466992,0.5842330252445436,0.4060612390769478,-1.6887706471446815,0.5842330252445436,0.4060612390769478,0.36734693877551017
1.856576380005062,-0.8054136932536173,0.2857919556706384,1.0097303890396234,1.0320574348566163,0.2414046914310297,-0.8225867041625741,0.8663459215747764,0.16320936951663612,0.2857919556706384,0.8663459215747764,0.1632093695166361,0.8877551020408162
-0.6438631890253247,0.19918833274014192,1.4982426766975894,1.0097303890396234,1.1017086874199145,-0.7714821257621024,0.20831279543615747,0.8841359266313873,0.121472591172477,1.4982426766975894,0.8841359266313873,0.121472591172477,0.9081632653061222
1.856576380005062,-0.11258470980964544,-0.3377541294289363,-0.43895022651220345,0.09176552525208971,-0.1495340801171967,-0.18271804923922347,0.27724963669729163,0.6350696787262251,-0.3377541294289363,0.2772496366972916,0.6350696787262251,0.6122448979591836
-0.6438631890253247,-0.2857919556706384,1.5502048504558872,1.0097303890396234,1.1365343137015638,1.503070726882124,-0.2538145664529291,0.8851674037711064,0.2995140688543074,1.5502048504558872,0.8851674037711064,0.2995140688543074,0.9183673469387755
-0.6438631890253247,-1.0825452866312062,1.3250354308365964,1.0097303890396234,1.1365343137015638,1.6630002243336712,-1.0181021265002645,0.8800884111120126,0.4562757761507896,1.3250354308365964,0.8800884111120126,0.4562757761507896,0.9183673469387755
-0.6438631890253247,-1.5328841258697878,1.2730732570782983,-1.8876308420640302,-1.9977720516468582,0.2769445797535957,-1.4624553590859248,0.6611510256337283,0.08558256780746376,1.2730732570782983,0.6611510256337283,0.08558256780746376,0.0
-0.6438631890253247,-0.09526398522354614,-1.0305831128729082,-0.43895022651220345,0.09176552525208971,-1.0380312881813476,-0.12939566132894426,0.28123948666652154,0.687399091743842,-1.0305831128729082,0.2812394866665215,0.687399091743842,0.6122448979591836
-0.6438631890253247,0.6148857228065251,1.3943183291809935,-1.4530266573984822,-1.9629464253652091,0.09924513814076555,0.581569510808112,0.761835621140051,0.10343007188799902,1.3943183291809935,0.761835621140051,0.103430071887999,0.010204081632653073
-0.6438631890253247,0.9786209391146103,0.7534515194953195,1.0097303890396234,1.3454880713914585,-0.3272335217300269,1.025922743393772,0.8354426763460765,0.1283058215801276,0.7534515194953195,0.8354426763460765,0.1283058215801276,0.979591836734694
0.6063565954898689,1.3423561554226957,1.1691489095617027,-1.8876308420640302,-1.8932951728019107,-1.1268810089877628,1.6124690104068435,0.603501102723726,0.07081720672827885,1.1691489095617027,0.603501102723726,0.07081720672827885,0.030612244897959107
1.856576380005062,1.2037903587339012,1.2903939816643977,1.1545984505948061,1.3454880713914585,0.20586480310846367,1.2569864243383155,0.8410635663335881,0.0824326628424501,1.2903939816643977,0.8410635663335881,0.0824326628424501,0.979591836734694
-0.6438631890253247,0.49364065070383,-1.7060913717307808,-0.7286863496225688,0.23106803037868626,0.543493742172841,0.5637953815046856,0.35604672036095053,0.484982970214233,-1.7060913717307808,0.3560467203609505,0.484982970214233,0.6530612244897959
-0.6438631890253247,-1.1864696341478018,0.11258470980964544,-0.43895022651220345,0.161416777815388,-1.6244394455036872,-1.160295160927676,0.38666868396654763,0.8895677347975379,0.11258470980964544,0.3866686839665476,0.8895677347975379,0.6326530612244897
0.6063565954898689,0.4763199261177307,-0.6495271719787237,-0.7286863496225688,0.23106803037868626,0.507953853850275,0.5460212522012592,0.3411137103893509,0.4814831880972008,-0.6495271719787237,0.3411137103893509,0.4814831880972008,0.6530612244897959
-0.6438631890253247,-0.5282820998760286,0.8400551424258159,-1.8876308420640302,-1.9977720516468582,1.3253712852692938,-0.5026523767008988,0.6315747566393668,0.19894759269000417,0.8400551424258159,0.6315747566393668,0.1989475926900042,0.0
-0.6438631890253247,-1.654129197972483,0.9959416637007097,-1.8876308420640302,-1.8932951728019107,-0.2739236892461778,-1.6401966521201887,0.6034006918833654,0.18644261911308035,0.9959416637007097,0.6034006918833654,0.1864426191130804,0.030612244897959107
-0.6438631890253247,0.6495271719787237,0.5109613752899292,-0.2940821649570208,0.8231036771667215,1.1476718436564637,0.7415366745389497,0.7085622097290809,0.24781180098210598,0.5109613752899292,0.7085622097290809,0.247811800982106,0.8265306122448979
-0.6438631890253247,-0.4589992015316314,-1.2384318079060999,1.0097303890396234,1.0668830611382654,1.1832117319790296,-0.43155585948719316,0.7824336524788009,0.3146000401428637,-1.2384318079060999,0.7824336524788009,0.3146000401428637,0.8979591836734692
-0.6438631890253247,0.5629235490482272,-0.6841686211509223,0.7199942659292581,-0.6047470003808929,-1.322350394761876,0.6882142866286705,0.5065541508939475,0.3200403734772408,-0.6841686211509223,0.5065541508939475,0.3200403734772408,0.40816326530612235
-0.6438631890253247,0.25115050649843984,0.49364065070383,-1.4530266573984822,-1.9629464253652091,0.25917463559231274,0.15499040752587825,0.7159481469701916,0.12322687182900438,0.49364065070383,0.7159481469701916,0.1232268718290044,0.010204081632653073
